Percentile,Mean
10,1.333579635
20,1.649899816
30,1.951068516
40,2.192328487
50,2.312913293
60,2.47403925
70,2.737756876
80,2.859388212
90,2.957245558
100,2.964563816
